Customer_ID,Age,Gender,Annual_Income,Total_Spend,Years_as_Customer,Num_of_Purchases,Num_of_Returns,Num_of_Support_Contacts,Satisfaction_Score,Last_Purchase_Days_Ago,Email_Opt_In,Promotion_Response,Churned
1,65,Male,79.51,9025.47,13,77,2,2,3,227,FALSE,Responded,FALSE
2,18,Male,29.19,618.83,13,71,5,2,2,283,FALSE,Responded,TRUE
3,57,Male,190.43,255.19,19,85,5,1,4,130,FALSE,Unsubscribed,FALSE
4,27,Male,172.13,3512.55,3,77,0,3,1,61,TRUE,Unsubscribed,FALSE
5,54,Male,138.9,4283.84,15,33,9,1,2,92,TRUE,Responded,FALSE
6,41,Female,47.43,3333.69,4,10,0,0,2,213,FALSE,Responded,TRUE
7,42,Female,38.04,5524.28,12,4,5,4,2,212,FALSE,Ignored,TRUE
8,42,Female,176.08,6855.03,17,64,6,0,1,125,FALSE,Ignored,TRUE
9,30,Male,72.97,8076.45,9,63,5,0,3,304,FALSE,Unsubscribed,FALSE
10,19,Male,98.36,6747.13,10,9,7,3,2,274,TRUE,Responded,TRUE
11,56,Female,163.18,4281.83,3,29,7,0,3,197,TRUE,Unsubscribed,FALSE
12,57,Male,141.95,1335.48,15,14,7,3,4,4,FALSE,Responded,FALSE
13,42,Female,37.61,4247.04,10,13,0,4,1,199,FALSE,Responded,FALSE
14,35,Female,179.18,9116.18,14,3,8,0,2,193,TRUE,Responded,TRUE
15,31,Female,29.67,8346.59,6,60,5,2,1,35,TRUE,Unsubscribed,FALSE
16,27,Male,50.14,1000.6,3,80,8,3,1,317,FALSE,Unsubscribed,FALSE
17,38,Male,167.94,9811.7,13,12,9,4,5,128,FALSE,Ignored,TRUE
18,69,Female,146.1,2533.91,7,10,6,4,1,31,FALSE,Unsubscribed,FALSE
19,34,Male,178.95,7134,17,63,7,1,4,274,FALSE,Ignored,TRUE
20,69,Female,193.98,5100.62,18,66,5,4,1,325,TRUE,Responded,TRUE
21,23,Male,159.45,4839.85,4,91,1,4,1,193,FALSE,Ignored,TRUE
22,33,Male,198.96,2515.01,5,12,5,4,5,253,TRUE,Unsubscribed,TRUE
23,65,Female,130.66,7249.29,11,96,4,2,5,196,FALSE,Responded,TRUE
24,36,Female,22.57,9905.49,19,59,2,3,1,102,FALSE,Responded,TRUE
25,53,Female,81.58,8469.2,5,76,2,0,2,216,TRUE,Ignored,FALSE
26,67,Male,175.9,4303.07,18,73,1,2,5,360,TRUE,Responded,FALSE
27,69,Female,192.95,2936,14,26,3,3,4,263,TRUE,Unsubscribed,FALSE
28,47,Female,31.72,5065.76,17,31,9,0,1,202,TRUE,Responded,TRUE
29,37,Female,28.02,8806.23,9,34,6,1,1,273,FALSE,Responded,FALSE
30,37,Male,184.39,2822.56,14,88,7,0,1,121,FALSE,Ignored,TRUE
31,32,Male,74.91,5055.32,12,21,8,2,4,276,FALSE,Unsubscribed,TRUE
32,50,Female,196.84,3437.78,18,9,1,0,2,277,TRUE,Responded,FALSE
33,50,Female,92.16,5757.82,12,31,7,2,4,287,FALSE,Unsubscribed,TRUE
34,49,Female,158.28,7354.87,15,85,5,2,4,352,TRUE,Responded,FALSE
35,41,Male,62.75,3724.56,18,23,6,4,1,86,TRUE,Ignored,FALSE
36,29,Male,66.45,935.94,10,43,3,2,5,37,FALSE,Responded,FALSE
37,68,Male,115.82,1738.28,12,49,5,3,2,130,TRUE,Responded,FALSE
38,52,Female,190.87,6265.61,11,21,2,1,3,171,TRUE,Ignored,FALSE
39,54,Male,50.41,1505.67,8,66,7,3,4,86,TRUE,Responded,TRUE
40,56,Female,94.48,4331.87,5,31,9,2,4,251,FALSE,Ignored,FALSE
41,33,Male,74.59,2342.26,13,57,8,3,3,105,TRUE,Ignored,FALSE
42,22,Female,84.06,4862.91,7,22,5,3,5,261,TRUE,Responded,TRUE
43,59,Female,165.85,2590.08,3,70,1,1,2,4,FALSE,Unsubscribed,TRUE
44,60,Male,123.97,8779.15,12,17,6,4,2,323,FALSE,Ignored,TRUE
45,49,Female,33.55,3310.3,13,44,8,4,1,259,FALSE,Responded,FALSE
46,19,Female,34.08,9253.77,16,24,1,4,5,262,FALSE,Unsubscribed,FALSE
47,57,Male,157.99,4553.63,9,38,7,1,3,182,TRUE,Responded,TRUE
48,59,Female,143.96,2348.58,14,49,0,1,5,42,FALSE,Unsubscribed,FALSE
49,53,Male,147.44,2987.49,1,40,2,2,1,138,FALSE,Responded,FALSE
50,29,Female,71.69,2806.16,16,44,5,3,2,284,FALSE,Unsubscribed,TRUE
51,64,Male,118.69,3867.77,18,49,4,3,3,104,TRUE,Unsubscribed,TRUE
52,36,Female,117.8,4837.9,13,1,5,0,1,162,TRUE,Ignored,FALSE
53,45,Male,153.13,5793.6,17,10,6,0,4,85,TRUE,Responded,FALSE
54,53,Female,162.79,3598.89,1,54,7,2,3,87,FALSE,Unsubscribed,TRUE
55,30,Female,138.79,2702.62,15,5,7,3,2,8,TRUE,Unsubscribed,TRUE
56,60,Male,124.44,3675.02,5,29,4,1,5,112,FALSE,Unsubscribed,TRUE
57,38,Female,159.48,1097.96,19,36,8,4,1,227,TRUE,Ignored,TRUE
58,22,Female,156.13,3782.15,11,32,3,3,2,269,TRUE,Unsubscribed,FALSE
59,65,Male,35.08,9450.29,2,90,1,3,4,276,TRUE,Responded,FALSE
60,54,Female,69.37,7794.21,19,14,2,1,1,335,TRUE,Unsubscribed,FALSE
61,58,Female,146.33,1319.48,4,34,4,4,3,325,FALSE,Responded,TRUE
62,32,Female,25.43,4698.45,17,18,6,0,2,207,FALSE,Ignored,TRUE
63,33,Female,177.2,1270.54,6,66,9,4,3,223,FALSE,Responded,FALSE
64,38,Male,100.01,2412.82,4,90,9,2,1,278,TRUE,Responded,FALSE
65,53,Female,110.43,1504.49,16,48,9,4,5,209,FALSE,Ignored,TRUE
66,41,Male,117.21,3681.83,14,87,2,3,2,147,FALSE,Ignored,FALSE
67,33,Male,136.2,3878.23,9,43,5,1,3,353,TRUE,Responded,TRUE
68,66,Female,77.31,4777.05,9,68,5,1,4,95,FALSE,Ignored,TRUE
69,23,Male,120.1,8174.61,19,47,4,1,5,173,FALSE,Unsubscribed,TRUE
70,59,Female,77.25,7528.4,6,30,8,2,2,162,FALSE,Ignored,TRUE
71,53,Female,192.45,2949.55,7,69,2,4,4,144,TRUE,Unsubscribed,FALSE
72,18,Female,193.83,5000.22,6,85,9,1,5,255,FALSE,Ignored,FALSE
73,49,Female,131.62,1943.49,12,31,5,4,3,195,TRUE,Responded,TRUE
74,48,Female,197.37,4414.83,13,80,9,4,2,145,FALSE,Responded,FALSE
75,18,Male,179.71,7412.06,5,34,4,4,4,78,TRUE,Responded,FALSE
76,67,Female,157.71,5313.18,4,5,3,1,2,150,FALSE,Responded,FALSE
77,54,Male,85.8,8326,18,38,2,2,2,82,TRUE,Ignored,TRUE
78,52,Female,41.3,330.04,7,40,6,4,2,362,TRUE,Ignored,FALSE
79,31,Female,181.75,2127.34,10,6,5,0,1,121,FALSE,Responded,FALSE
80,66,Female,116.69,631.26,9,99,1,1,4,216,TRUE,Ignored,FALSE
81,39,Male,141.26,7748.78,11,59,9,0,1,21,FALSE,Ignored,FALSE
82,28,Female,66.73,4128.77,7,26,3,0,2,359,TRUE,Ignored,FALSE
83,68,Female,30.81,540.65,8,85,5,3,5,50,FALSE,Unsubscribed,FALSE
84,61,Female,57.77,2553.6,19,94,6,4,5,326,FALSE,Unsubscribed,FALSE
85,41,Female,43.82,2009.52,16,66,5,2,2,337,TRUE,Unsubscribed,FALSE
86,52,Male,143.38,3457.27,12,45,1,1,3,179,FALSE,Unsubscribed,TRUE
87,53,Male,28.91,2846.44,12,5,0,2,1,208,TRUE,Ignored,TRUE
88,48,Male,38.33,9626.57,13,71,7,2,5,296,FALSE,Responded,FALSE
89,21,Male,44.15,3588.83,1,18,3,0,3,274,FALSE,Responded,TRUE
90,36,Female,76.98,8952.31,6,94,3,3,4,352,TRUE,Unsubscribed,TRUE
91,53,Female,65.91,7661.09,14,57,4,3,4,30,FALSE,Unsubscribed,TRUE
92,38,Female,155.1,707.32,6,2,8,2,5,140,FALSE,Responded,FALSE
93,32,Female,91.39,9509.81,4,50,7,0,2,254,FALSE,Unsubscribed,FALSE
94,59,Male,39.2,447.56,10,25,5,2,3,236,FALSE,Unsubscribed,TRUE
95,19,Female,93.58,9345.08,6,70,0,0,2,49,FALSE,Responded,TRUE
96,54,Female,73.3,7761.15,2,22,4,2,5,120,FALSE,Responded,FALSE
97,40,Female,138.27,9097.88,1,73,8,1,4,52,TRUE,Ignored,FALSE
98,61,Male,102.99,3032.95,16,34,5,3,5,4,FALSE,Ignored,FALSE
99,58,Male,188.33,4152.02,11,70,6,3,1,338,TRUE,Responded,TRUE
100,29,Female,179.26,1057.44,13,97,5,1,4,319,TRUE,Unsubscribed,TRUE
101,69,Female,108.14,393.05,4,44,0,4,5,82,TRUE,Unsubscribed,TRUE
102,34,Male,43.7,4900.56,11,7,0,2,3,227,TRUE,Ignored,TRUE
103,50,Male,91.46,6863.6,10,15,7,4,3,196,FALSE,Responded,FALSE
104,18,Female,146.79,8230.25,6,38,7,2,5,50,TRUE,Ignored,FALSE
105,56,Male,71.28,1584.42,14,93,8,3,3,114,FALSE,Ignored,FALSE
106,37,Female,38.72,7565.49,9,81,2,4,3,148,TRUE,Ignored,TRUE
107,64,Male,183.42,7218.86,18,54,1,2,5,303,FALSE,Unsubscribed,TRUE
108,69,Male,130.75,5887.98,4,83,6,3,1,296,FALSE,Unsubscribed,FALSE
109,58,Female,162.65,1003.58,1,94,0,1,2,331,TRUE,Ignored,TRUE
110,31,Female,170.42,6044.66,15,4,0,1,1,126,FALSE,Ignored,TRUE
111,42,Male,178.61,8689.05,7,42,5,0,4,201,TRUE,Unsubscribed,FALSE
112,20,Female,184.96,3199.68,16,40,5,0,3,127,TRUE,Ignored,TRUE
113,21,Male,68.88,5808.29,6,97,7,3,4,99,FALSE,Responded,TRUE
114,52,Female,114.79,8774.99,8,29,0,4,5,214,TRUE,Ignored,FALSE
115,31,Female,188.78,880.14,18,96,5,4,5,6,FALSE,Responded,FALSE
116,66,Male,74.93,7511.69,1,99,1,2,5,69,TRUE,Responded,FALSE
117,58,Female,197.02,4187.68,16,63,5,3,5,37,FALSE,Responded,FALSE
118,37,Female,102.57,361.25,12,68,5,4,3,40,FALSE,Responded,FALSE
119,26,Female,158.43,8788.42,12,19,7,3,5,86,TRUE,Ignored,TRUE
120,20,Male,77.57,268.6,8,62,7,4,3,165,TRUE,Responded,TRUE
121,21,Female,55.36,3841.97,4,35,2,0,5,175,TRUE,Unsubscribed,FALSE
122,62,Male,140.87,9790.09,6,99,0,1,2,205,FALSE,Responded,TRUE
123,32,Female,171.74,6845.17,18,84,3,0,4,206,TRUE,Ignored,TRUE
124,50,Female,22.93,1693.78,1,69,8,1,5,196,FALSE,Responded,TRUE
125,22,Male,135.7,4659.91,12,76,2,2,4,174,TRUE,Responded,FALSE
126,63,Male,181.66,5393.61,19,4,0,0,1,106,FALSE,Responded,FALSE
127,29,Male,77.87,343.68,15,35,3,3,5,185,TRUE,Responded,FALSE
128,40,Female,105.35,6235.74,19,84,0,3,2,287,TRUE,Unsubscribed,TRUE
129,29,Male,148.32,4088.79,5,79,7,1,4,324,TRUE,Responded,FALSE
130,34,Male,169.49,5629.38,12,36,1,0,5,283,TRUE,Unsubscribed,FALSE
131,47,Male,72.45,5634.56,1,82,5,0,3,204,FALSE,Unsubscribed,FALSE
132,39,Female,26.85,5160.91,12,88,7,0,1,122,FALSE,Unsubscribed,FALSE
133,64,Female,192.18,7959.69,19,82,0,4,2,148,FALSE,Responded,FALSE
134,43,Male,140.09,4293.14,9,97,3,4,1,342,TRUE,Unsubscribed,FALSE
135,34,Female,193.56,5579.16,3,50,3,3,4,101,FALSE,Unsubscribed,FALSE
136,51,Male,164.37,8981.74,7,67,0,3,1,234,TRUE,Responded,FALSE
137,58,Female,87.39,3862.34,15,23,1,3,1,242,FALSE,Responded,TRUE
138,50,Male,83.69,6056.17,12,69,7,1,3,237,TRUE,Ignored,FALSE
139,24,Female,138.42,528.38,14,43,8,3,3,110,FALSE,Ignored,FALSE
140,49,Male,182.07,3836.56,2,60,2,0,3,338,FALSE,Unsubscribed,TRUE
141,31,Male,196.99,6735.37,11,61,6,2,1,14,TRUE,Ignored,FALSE
142,25,Female,25.48,4769.47,14,82,1,2,4,191,FALSE,Responded,FALSE
143,33,Male,40.2,7270.88,1,96,4,3,2,119,TRUE,Unsubscribed,FALSE
144,58,Female,100.42,8528.1,4,26,8,1,3,341,TRUE,Ignored,FALSE
145,29,Male,59.93,7606.02,1,29,9,1,3,268,FALSE,Ignored,FALSE
146,56,Male,108.91,6374.87,9,83,1,1,4,136,TRUE,Ignored,TRUE
147,65,Female,187.33,9555.75,4,96,3,4,2,157,FALSE,Responded,TRUE
148,19,Male,163.65,1627.35,2,11,3,2,2,358,FALSE,Ignored,TRUE
149,49,Male,119.18,3190,7,14,8,3,2,348,TRUE,Unsubscribed,TRUE
150,62,Female,196.48,2653.79,15,78,8,3,3,150,FALSE,Unsubscribed,TRUE
151,36,Male,92.86,2242.15,16,4,7,4,4,74,FALSE,Unsubscribed,FALSE
152,65,Male,128.23,8631.89,7,13,1,3,4,252,TRUE,Unsubscribed,TRUE
153,21,Female,158.95,9570.06,12,9,3,1,1,130,FALSE,Ignored,FALSE
154,60,Male,94.36,5362.9,3,11,0,4,3,349,FALSE,Responded,FALSE
155,30,Female,147.81,6528.79,4,7,0,0,3,121,TRUE,Ignored,FALSE
156,56,Female,162.18,5056.85,18,53,3,3,3,232,FALSE,Ignored,FALSE
157,40,Female,196.27,2932.86,1,44,3,4,4,221,FALSE,Ignored,TRUE
158,61,Male,120.07,9029.04,15,14,9,0,1,10,FALSE,Responded,TRUE
159,50,Male,153.49,8598.14,4,72,6,4,5,164,TRUE,Ignored,TRUE
160,29,Female,158.7,4670.23,18,46,6,1,5,7,FALSE,Responded,FALSE
161,58,Female,183.48,3735.79,8,29,6,1,2,231,FALSE,Ignored,TRUE
162,38,Female,47.06,9396.88,15,83,1,1,1,82,FALSE,Unsubscribed,TRUE
163,28,Female,120.49,2301.5,12,30,1,4,3,86,TRUE,Ignored,TRUE
164,61,Male,97.11,5580.07,14,62,8,1,2,126,FALSE,Ignored,FALSE
165,55,Female,186.17,639.53,1,27,7,4,3,204,TRUE,Responded,TRUE
166,65,Male,196.86,6079.87,19,16,6,4,3,264,TRUE,Ignored,FALSE
167,20,Female,33.29,5851.86,10,66,3,0,4,298,TRUE,Ignored,FALSE
168,45,Male,108.37,8709.05,6,52,3,1,2,320,TRUE,Unsubscribed,TRUE
169,43,Male,152.87,7662.23,18,19,2,0,1,203,TRUE,Responded,TRUE
170,69,Male,163.98,8355.95,4,49,1,2,2,294,FALSE,Ignored,FALSE
171,21,Male,44.92,1862.85,9,76,3,4,3,314,FALSE,Unsubscribed,FALSE
172,27,Female,73.68,6192.69,7,1,4,2,3,44,TRUE,Unsubscribed,TRUE
173,59,Female,125.53,5116.22,10,23,9,2,3,89,TRUE,Responded,TRUE
174,41,Male,82.76,1239.86,7,70,3,1,3,133,FALSE,Unsubscribed,TRUE
175,64,Male,164.88,3596.82,5,71,1,0,4,218,FALSE,Responded,TRUE
176,44,Female,199.7,9832.36,8,87,2,1,5,125,FALSE,Responded,FALSE
177,68,Female,172.52,8849.87,16,88,3,3,1,310,FALSE,Responded,TRUE
178,62,Male,94.6,8549.15,4,66,9,2,4,176,FALSE,Responded,FALSE
179,49,Male,171.32,7595.58,9,56,6,1,1,90,FALSE,Ignored,FALSE
180,27,Female,30.76,9864.66,19,27,5,3,1,28,FALSE,Ignored,TRUE
181,28,Female,83.05,5310.58,15,32,7,4,3,131,FALSE,Unsubscribed,TRUE
182,63,Female,192.94,245.19,3,62,7,2,4,364,FALSE,Ignored,TRUE
183,51,Female,112.61,3218.74,14,58,3,1,1,57,TRUE,Ignored,TRUE
184,62,Male,118.44,5056.7,2,56,8,3,2,311,TRUE,Ignored,FALSE
185,52,Male,81.22,813.59,14,18,1,0,5,61,FALSE,Responded,TRUE
186,52,Female,32.35,987.46,11,55,7,4,2,314,FALSE,Responded,TRUE
187,42,Male,61.2,4269,14,1,2,2,5,22,FALSE,Ignored,TRUE
188,51,Male,84.44,2686.07,7,12,2,2,3,130,FALSE,Responded,FALSE
189,23,Female,98.33,4119.77,19,37,7,0,4,62,FALSE,Unsubscribed,TRUE
190,58,Male,126.37,4598.42,8,78,8,4,4,5,TRUE,Ignored,TRUE
191,54,Female,150.03,9765.11,14,9,0,4,5,274,TRUE,Ignored,TRUE
192,52,Male,23.54,8837.6,4,90,6,2,2,173,TRUE,Unsubscribed,FALSE
193,23,Female,27.36,894.05,6,10,6,2,4,307,TRUE,Ignored,FALSE
194,26,Female,153.24,1722.71,2,5,4,1,2,81,FALSE,Unsubscribed,TRUE
195,19,Female,133.1,3722.33,19,60,9,3,3,128,TRUE,Ignored,TRUE
196,35,Female,158.56,7459.07,1,40,4,0,4,346,TRUE,Unsubscribed,FALSE
197,66,Male,158.41,4302.6,13,81,3,0,1,92,TRUE,Ignored,TRUE
198,45,Male,149.66,7216.28,3,79,7,2,3,25,FALSE,Ignored,FALSE
199,58,Female,196.22,9434.11,19,88,9,1,5,258,FALSE,Responded,TRUE
200,66,Male,125.61,8041.26,4,49,8,2,5,267,TRUE,Responded,TRUE
201,21,Male,26.17,3522.88,9,4,1,3,1,330,TRUE,Unsubscribed,FALSE
202,57,Female,199.73,4065.05,4,11,2,1,5,130,TRUE,Responded,FALSE
203,68,Female,153.26,1122.21,13,22,3,4,4,42,TRUE,Unsubscribed,FALSE
204,48,Female,167.78,5239.08,18,42,1,3,3,107,TRUE,Ignored,TRUE
205,51,Male,37.78,712.26,1,98,8,3,2,193,FALSE,Ignored,FALSE
206,36,Male,154.75,4551.97,14,52,5,2,2,350,FALSE,Responded,TRUE
207,35,Female,101.48,2918.47,7,77,9,4,1,67,FALSE,Unsubscribed,FALSE
208,47,Male,148.47,1633.21,5,64,3,4,5,70,FALSE,Unsubscribed,TRUE
209,55,Female,94.09,6364.38,15,95,4,4,2,133,FALSE,Ignored,TRUE
210,30,Male,74.95,7946.3,19,52,5,1,3,7,TRUE,Responded,FALSE
211,62,Male,189.75,7755.99,15,93,5,3,3,109,TRUE,Ignored,TRUE
212,20,Male,198.32,1013.57,19,42,2,3,5,152,TRUE,Ignored,FALSE
213,65,Male,55.8,6886.58,10,18,3,2,2,86,FALSE,Unsubscribed,TRUE
214,45,Male,138.23,7188.64,3,15,8,2,5,261,TRUE,Responded,TRUE
215,39,Male,39.17,8635.45,11,60,5,0,3,56,TRUE,Responded,TRUE
216,57,Male,137.16,5129.64,18,61,9,2,2,105,FALSE,Unsubscribed,FALSE
217,57,Female,168.92,4664.83,2,14,3,0,5,258,TRUE,Responded,TRUE
218,29,Male,143.21,9654.65,18,98,4,2,5,206,FALSE,Unsubscribed,FALSE
219,40,Male,95.12,7985.47,15,23,9,3,4,172,FALSE,Responded,TRUE
220,48,Male,88.95,5631.44,16,62,6,3,1,42,TRUE,Responded,TRUE
221,35,Female,90.76,3373.11,19,89,2,1,3,351,TRUE,Responded,FALSE
222,24,Male,126.15,8467.86,19,31,8,3,3,105,TRUE,Unsubscribed,TRUE
223,25,Female,178.68,4608.82,12,11,5,3,5,78,TRUE,Unsubscribed,TRUE
224,36,Female,187.23,1017.58,6,4,5,0,3,348,FALSE,Unsubscribed,FALSE
225,46,Female,29.64,4603.55,12,32,8,1,3,40,TRUE,Ignored,FALSE
226,37,Male,40.2,4537.99,10,14,9,3,4,297,TRUE,Ignored,TRUE
227,59,Male,82.39,6153.7,16,40,7,3,2,131,FALSE,Responded,TRUE
228,47,Female,111.18,9958.72,13,1,1,4,3,107,TRUE,Unsubscribed,TRUE
229,64,Female,133.3,8190.76,13,25,9,2,3,196,FALSE,Responded,TRUE
230,39,Male,151.79,6210.66,14,85,6,2,3,253,FALSE,Ignored,FALSE
231,27,Male,180.22,9152.55,6,44,8,3,2,126,TRUE,Unsubscribed,TRUE
232,43,Female,198.04,8154.46,19,91,7,1,2,43,FALSE,Responded,FALSE
233,68,Male,139.31,5036.53,10,92,8,3,4,217,FALSE,Responded,TRUE
234,50,Male,172.17,5953.08,9,88,5,2,5,125,FALSE,Responded,FALSE
235,27,Female,75.36,8479.62,9,74,0,4,3,4,FALSE,Unsubscribed,TRUE
236,61,Female,27.7,7770.56,1,91,8,3,1,342,TRUE,Unsubscribed,FALSE
237,59,Male,69.27,6641.91,19,32,2,2,2,102,TRUE,Unsubscribed,TRUE
238,18,Male,103.18,7669.87,16,41,5,4,1,188,TRUE,Unsubscribed,FALSE
239,40,Female,134.91,5441.07,13,96,7,4,4,280,TRUE,Ignored,TRUE
240,34,Female,38.32,1669.3,18,9,7,2,2,335,TRUE,Ignored,FALSE
241,60,Female,141.14,4154.32,10,50,6,4,1,82,FALSE,Unsubscribed,FALSE
242,48,Female,53.36,6924.08,3,82,3,3,1,355,TRUE,Unsubscribed,TRUE
243,42,Male,94.72,9541.69,1,95,2,0,4,15,TRUE,Ignored,TRUE
244,21,Female,113.6,7973,10,2,9,2,1,133,TRUE,Unsubscribed,FALSE
245,69,Male,101.33,3958.89,7,59,4,1,5,121,TRUE,Unsubscribed,TRUE
246,45,Male,192.89,3111.59,7,81,9,4,5,93,TRUE,Unsubscribed,TRUE
247,47,Male,163.81,5456.35,2,85,1,2,2,182,TRUE,Responded,TRUE
248,41,Male,164.89,7409.42,6,37,1,1,4,338,FALSE,Ignored,FALSE
249,25,Male,55.55,780.9,6,14,0,0,2,150,FALSE,Ignored,FALSE
250,31,Female,140.9,9970.76,2,81,3,3,1,15,FALSE,Ignored,FALSE
251,35,Male,104.66,2283.01,4,51,0,0,5,353,TRUE,Ignored,FALSE
252,18,Male,192.75,3194.37,14,12,8,3,1,236,FALSE,Unsubscribed,TRUE
253,29,Female,63.25,2163.3,3,47,2,4,2,25,TRUE,Responded,TRUE
254,46,Female,157.37,9288.21,16,3,8,3,1,353,TRUE,Responded,FALSE
255,54,Female,176.63,6554.93,12,34,8,4,2,256,TRUE,Responded,TRUE
256,43,Female,121.17,5093.42,2,93,5,2,4,255,TRUE,Unsubscribed,FALSE
257,60,Male,127.31,3246.94,10,42,2,2,1,257,FALSE,Ignored,FALSE
258,32,Male,97.19,6180.33,12,2,6,3,4,81,TRUE,Unsubscribed,TRUE
259,40,Female,119.93,4254.04,17,27,0,2,4,291,FALSE,Unsubscribed,FALSE
260,36,Female,145.16,3801.02,5,28,5,1,4,122,TRUE,Ignored,TRUE
261,22,Female,36.71,7872.16,12,23,7,0,1,73,FALSE,Ignored,FALSE
262,40,Female,49.98,4212.41,4,90,6,0,3,94,FALSE,Unsubscribed,FALSE
263,53,Female,173.22,5131.89,13,89,8,2,1,28,FALSE,Unsubscribed,TRUE
264,25,Male,70.66,4533.99,1,37,0,1,4,182,TRUE,Responded,TRUE
265,31,Male,186.68,7950.98,11,31,8,1,4,182,FALSE,Ignored,TRUE
266,23,Male,167.25,8281.66,4,13,4,2,1,53,FALSE,Ignored,TRUE
267,18,Male,130.58,9543.81,12,53,4,4,2,150,FALSE,Unsubscribed,FALSE
268,33,Female,27.97,5842.79,6,93,4,0,5,173,FALSE,Unsubscribed,FALSE
269,33,Female,97.63,6966.56,2,69,1,3,2,300,TRUE,Responded,TRUE
270,57,Male,173.48,2954.65,17,45,3,0,4,29,FALSE,Responded,TRUE
271,63,Male,63.95,9188.24,4,25,8,4,4,133,TRUE,Responded,TRUE
272,28,Female,53.97,2113.23,5,31,1,2,1,282,TRUE,Unsubscribed,TRUE
273,64,Female,164.54,5743.46,9,33,1,0,3,25,FALSE,Ignored,TRUE
274,67,Female,158.14,7483.06,6,86,2,0,2,165,TRUE,Ignored,TRUE
275,69,Male,196.93,4400.38,1,58,7,0,3,299,TRUE,Unsubscribed,FALSE
276,53,Female,45.93,5796.43,4,85,9,3,1,16,FALSE,Unsubscribed,TRUE
277,59,Male,181.94,4724.37,9,82,5,0,1,41,FALSE,Unsubscribed,FALSE
278,36,Female,40.96,7555.12,14,18,6,0,4,360,TRUE,Unsubscribed,TRUE
279,52,Male,49.37,158.79,1,76,0,4,4,1,TRUE,Unsubscribed,FALSE
280,61,Male,121.85,6130.72,9,59,5,2,2,49,TRUE,Unsubscribed,FALSE
281,63,Male,151.13,853.84,3,44,5,2,1,204,TRUE,Ignored,TRUE
282,24,Male,172.94,7410.18,8,98,5,0,3,236,TRUE,Responded,FALSE
283,60,Female,25.93,5923.2,17,74,6,0,2,195,TRUE,Ignored,TRUE
284,66,Female,75.84,9829.75,16,28,6,3,1,213,FALSE,Ignored,FALSE
285,48,Female,112.78,5044.67,18,88,1,1,5,154,TRUE,Unsubscribed,FALSE
286,34,Male,94.87,1449.29,1,64,2,0,4,293,FALSE,Ignored,FALSE
287,44,Female,61.63,6894.28,1,52,3,4,1,257,TRUE,Responded,TRUE
288,67,Female,190.18,5945.17,11,37,5,3,4,337,FALSE,Unsubscribed,TRUE
289,27,Female,83.7,9397.05,19,98,2,0,1,185,FALSE,Ignored,TRUE
290,62,Female,20.67,1378.65,2,12,9,1,3,24,TRUE,Responded,TRUE
291,31,Male,172.11,824.65,6,73,2,2,1,342,TRUE,Unsubscribed,FALSE
292,26,Female,179.23,6163.01,10,15,9,4,2,70,TRUE,Responded,TRUE
293,31,Female,57.16,2402.76,18,95,5,4,5,13,TRUE,Unsubscribed,TRUE
294,25,Male,163.55,4943.33,4,32,7,2,2,259,TRUE,Responded,FALSE
295,34,Male,165.45,4872.41,9,88,3,3,1,172,TRUE,Responded,FALSE
296,40,Male,186.86,4585.8,3,64,9,2,5,50,TRUE,Responded,FALSE
297,33,Female,40.8,8055.1,11,44,9,2,3,99,TRUE,Ignored,TRUE
298,43,Male,59.11,4769.76,7,22,0,1,3,64,FALSE,Ignored,TRUE
299,53,Male,55.28,1748.16,5,27,4,3,4,163,TRUE,Responded,FALSE
300,24,Female,71.54,5366.48,5,10,1,1,5,288,TRUE,Ignored,TRUE
301,35,Male,50.01,8258.64,13,2,0,3,5,56,TRUE,Unsubscribed,FALSE
302,20,Female,77.91,1929.27,18,2,9,3,3,313,FALSE,Unsubscribed,TRUE
303,68,Male,24.42,882.06,3,35,0,2,3,88,TRUE,Responded,TRUE
304,63,Male,89.9,9469.51,13,98,8,2,5,74,TRUE,Responded,TRUE
305,42,Female,108.84,3427.62,3,49,1,4,1,151,FALSE,Ignored,FALSE
306,54,Male,167.32,4382.71,10,7,9,0,1,304,FALSE,Unsubscribed,TRUE
307,62,Male,34.48,6632.06,4,6,6,1,1,306,TRUE,Responded,TRUE
308,41,Female,170.23,3132.06,14,71,8,4,1,354,FALSE,Responded,FALSE
309,48,Male,62.84,8376.57,6,39,9,3,1,120,FALSE,Unsubscribed,FALSE
310,43,Female,157.15,6497.19,19,6,6,2,3,239,TRUE,Unsubscribed,TRUE
311,51,Male,165.1,1693.01,11,31,7,1,2,349,FALSE,Unsubscribed,FALSE
312,55,Male,39.31,9054.4,13,60,0,0,4,62,FALSE,Ignored,TRUE
313,41,Male,21.63,2941.5,10,9,4,4,2,206,TRUE,Ignored,FALSE
314,45,Male,54.51,1877.05,17,64,3,4,3,154,FALSE,Ignored,FALSE
315,47,Male,68.69,9999.64,7,82,4,4,1,35,FALSE,Responded,FALSE
316,51,Male,130.91,3161,13,87,9,2,3,14,FALSE,Unsubscribed,FALSE
317,69,Male,146.61,4671.4,7,16,6,0,3,34,TRUE,Unsubscribed,TRUE
318,40,Male,83.55,4400.02,18,95,1,0,2,338,TRUE,Unsubscribed,FALSE
319,59,Male,76.28,1428.63,6,94,2,1,1,242,FALSE,Ignored,TRUE
320,67,Male,179.18,1002.25,13,23,8,1,1,182,FALSE,Responded,FALSE
321,18,Male,57.35,9052.45,1,29,0,2,4,53,FALSE,Ignored,TRUE
322,37,Male,161.92,4548.75,18,8,6,1,5,363,FALSE,Unsubscribed,TRUE
323,35,Male,179.68,5978.92,1,84,8,0,4,327,TRUE,Responded,TRUE
324,66,Male,139.87,2064.23,9,72,8,1,4,158,TRUE,Responded,FALSE
325,21,Male,35.16,6070.08,19,77,6,2,1,143,TRUE,Ignored,FALSE
326,19,Female,146.11,2459.87,8,20,8,3,2,226,FALSE,Unsubscribed,TRUE
327,54,Female,122,2987.33,17,31,9,2,4,94,FALSE,Ignored,TRUE
328,22,Female,105.82,2299.19,11,28,4,4,1,323,FALSE,Unsubscribed,TRUE
329,34,Male,131.94,8809.25,16,16,7,0,1,79,TRUE,Unsubscribed,FALSE
330,65,Female,104.49,2877.84,2,24,4,2,3,258,FALSE,Responded,FALSE
331,28,Female,156.7,3922.77,3,59,8,3,1,235,TRUE,Unsubscribed,FALSE
332,63,Female,52.08,2809.02,17,95,1,1,2,238,TRUE,Unsubscribed,FALSE
333,58,Female,50.81,2186.04,12,84,1,1,4,203,TRUE,Unsubscribed,FALSE
334,45,Male,77.73,3357.26,16,14,9,0,5,341,FALSE,Unsubscribed,TRUE
335,61,Male,33.34,1213.88,6,39,8,2,2,93,TRUE,Responded,FALSE
336,49,Female,172,5454.86,3,39,7,0,5,177,FALSE,Unsubscribed,TRUE
337,38,Male,158.89,1342.34,13,3,5,3,1,230,FALSE,Unsubscribed,TRUE
338,24,Female,117.91,3639.44,13,43,5,4,5,363,TRUE,Responded,TRUE
339,27,Male,196.28,8830.08,15,52,9,3,3,327,TRUE,Ignored,FALSE
340,45,Male,33.07,3754.7,2,69,4,4,1,237,FALSE,Unsubscribed,TRUE
341,53,Female,67.95,5194.79,15,70,1,2,2,112,TRUE,Unsubscribed,FALSE
342,30,Male,59.47,6525.79,12,64,1,0,3,279,TRUE,Ignored,TRUE
343,36,Female,162.03,8574.75,7,54,9,2,5,23,FALSE,Responded,FALSE
344,67,Female,45.96,1022.8,3,63,5,1,1,23,FALSE,Ignored,TRUE
345,28,Female,171.2,7561.43,10,34,1,2,5,114,FALSE,Unsubscribed,FALSE
346,52,Female,139.08,6933.09,11,89,3,1,2,355,FALSE,Ignored,FALSE
347,51,Female,30.62,8679.94,18,93,0,3,5,144,FALSE,Unsubscribed,FALSE
348,61,Female,165.98,1130.51,7,86,2,3,5,254,FALSE,Unsubscribed,FALSE
349,21,Male,133,3126.38,7,45,7,4,4,157,TRUE,Ignored,TRUE
350,30,Female,182.9,6973.49,12,15,9,4,3,153,TRUE,Unsubscribed,TRUE
351,54,Male,154.77,317.98,17,69,4,2,5,311,FALSE,Ignored,TRUE
352,67,Male,170.58,8593.99,15,80,1,4,5,298,TRUE,Unsubscribed,TRUE
353,57,Female,118.45,4399.87,17,64,3,1,3,38,TRUE,Ignored,TRUE
354,42,Male,72.85,2856.84,7,37,6,3,5,349,FALSE,Unsubscribed,TRUE
355,54,Male,194.28,150.01,9,13,8,0,3,264,TRUE,Responded,FALSE
356,53,Male,60.72,1944.4,16,39,5,0,5,182,TRUE,Ignored,FALSE
357,24,Female,78.65,8686.13,11,94,1,0,5,236,FALSE,Ignored,TRUE
358,21,Male,110.45,2738.4,10,31,0,0,3,358,TRUE,Ignored,TRUE
359,58,Male,120.66,3740.35,9,84,1,3,5,127,FALSE,Ignored,TRUE
360,51,Male,177.37,3046.1,11,84,5,4,4,158,TRUE,Responded,TRUE
361,46,Male,146.85,1612.8,11,32,7,3,5,69,FALSE,Ignored,TRUE
362,22,Male,132.13,9025.95,18,76,7,2,5,10,TRUE,Unsubscribed,TRUE
363,50,Female,192.49,3341.37,5,70,4,3,5,339,TRUE,Unsubscribed,FALSE
364,63,Female,168.37,7063.96,5,78,4,0,1,95,TRUE,Responded,FALSE
365,69,Male,129.39,3419.5,18,63,3,1,4,334,FALSE,Ignored,TRUE
366,23,Female,22.4,3987.65,16,47,7,4,3,256,TRUE,Unsubscribed,FALSE
367,51,Female,129.13,5560.54,9,33,7,1,3,360,FALSE,Responded,FALSE
368,25,Male,198.04,1317.87,2,33,4,4,4,35,FALSE,Ignored,FALSE
369,48,Male,167.26,8200.9,16,29,2,0,4,112,TRUE,Responded,TRUE
370,38,Female,47.37,2420.39,12,94,2,4,1,174,TRUE,Unsubscribed,TRUE
371,25,Male,161.13,5968.32,17,75,4,2,3,236,TRUE,Unsubscribed,TRUE
372,62,Female,120.02,4335.81,3,20,4,3,1,342,FALSE,Unsubscribed,FALSE
373,21,Female,38.23,9644.11,9,87,2,3,3,56,TRUE,Responded,TRUE
374,56,Female,107.03,7732.31,2,24,7,2,2,151,FALSE,Responded,FALSE
375,37,Male,74.31,6609.45,9,53,1,1,1,256,FALSE,Ignored,FALSE
376,49,Male,175.13,2058.93,2,14,7,4,5,347,TRUE,Responded,FALSE
377,18,Female,171.98,1306.6,15,32,0,4,1,27,FALSE,Responded,FALSE
378,23,Female,76.78,9324.59,14,59,4,0,3,329,TRUE,Unsubscribed,TRUE
379,45,Male,127.92,9999.49,1,17,4,3,2,9,FALSE,Responded,TRUE
380,61,Female,97.43,2771.9,13,19,9,4,5,163,TRUE,Ignored,TRUE
381,48,Male,183.64,3087.51,9,2,5,4,1,349,TRUE,Responded,TRUE
382,27,Male,53.72,1733.39,1,16,4,1,4,167,TRUE,Responded,FALSE
383,37,Male,145.59,4631.08,1,33,9,2,2,128,TRUE,Responded,FALSE
384,39,Female,51.55,7044.91,12,74,2,3,3,357,FALSE,Unsubscribed,FALSE
385,46,Female,144.87,2361.97,19,68,5,0,2,143,TRUE,Responded,FALSE
386,61,Female,108.3,9193.41,7,80,5,1,3,161,FALSE,Ignored,TRUE
387,64,Female,129.74,2886.02,19,94,7,4,1,52,TRUE,Unsubscribed,FALSE
388,18,Male,58.28,6937.47,16,86,3,1,2,232,TRUE,Responded,FALSE
389,56,Female,77.86,9699.27,3,59,7,1,3,186,FALSE,Ignored,TRUE
390,28,Female,100.03,1167.71,18,92,3,2,1,125,FALSE,Ignored,FALSE
391,69,Female,187.42,3947.03,7,27,9,0,1,288,TRUE,Ignored,TRUE
392,52,Male,52.63,4532.02,13,27,5,2,5,143,TRUE,Unsubscribed,FALSE
393,41,Female,92.25,7546.89,15,69,5,1,3,258,TRUE,Unsubscribed,TRUE
394,37,Male,190.38,8188.86,8,30,3,3,3,247,FALSE,Ignored,FALSE
395,44,Female,43.97,9316.32,10,49,8,2,3,114,TRUE,Ignored,FALSE
396,32,Male,185.22,4803.1,8,93,9,2,5,140,TRUE,Unsubscribed,FALSE
397,50,Male,34.59,7221.23,14,62,8,1,4,306,TRUE,Unsubscribed,TRUE
398,69,Female,106.53,3159.59,2,61,0,1,3,323,FALSE,Unsubscribed,FALSE
399,51,Female,57.73,3718.19,3,92,2,2,4,144,TRUE,Ignored,FALSE
400,62,Female,82.54,7009.36,8,41,5,2,5,24,FALSE,Unsubscribed,TRUE
401,68,Female,101.75,2818.76,3,33,9,0,4,307,TRUE,Unsubscribed,TRUE
402,63,Female,175.74,8627.92,8,46,2,2,4,271,TRUE,Unsubscribed,TRUE
403,59,Female,191.91,7928.65,4,15,5,0,5,235,FALSE,Ignored,TRUE
404,47,Male,176.62,3375.28,5,90,9,3,3,149,FALSE,Responded,FALSE
405,35,Female,82.84,2514.98,16,13,8,1,3,255,FALSE,Responded,TRUE
406,53,Male,54.95,3382.86,10,45,3,3,5,52,TRUE,Unsubscribed,FALSE
407,20,Male,94.36,3496.36,7,60,6,1,1,21,FALSE,Responded,TRUE
408,38,Male,114.11,8030.32,6,43,2,3,5,223,TRUE,Unsubscribed,FALSE
409,59,Female,60.5,4031.41,13,53,5,0,2,215,FALSE,Ignored,FALSE
410,31,Male,35.04,7633.32,15,88,8,4,4,251,TRUE,Ignored,FALSE
411,48,Male,188.68,770.69,3,95,9,4,3,305,FALSE,Unsubscribed,FALSE
412,63,Female,41.24,7860.66,17,93,2,0,3,237,FALSE,Ignored,TRUE
413,41,Male,45.36,9698.87,12,55,4,1,5,298,TRUE,Ignored,FALSE
414,52,Female,175.28,9430.11,5,86,1,1,4,75,FALSE,Ignored,FALSE
415,53,Male,65.77,7381.29,19,84,0,3,5,229,TRUE,Ignored,FALSE
416,27,Female,139.87,1323.58,7,89,1,3,3,228,TRUE,Unsubscribed,TRUE
417,44,Female,167.01,5803.16,2,48,9,3,4,171,FALSE,Ignored,TRUE
418,44,Male,129.29,2913.9,5,88,9,1,3,15,FALSE,Responded,TRUE
419,40,Male,192.35,9705.11,8,46,4,1,4,287,FALSE,Ignored,FALSE
420,52,Female,120.51,6981.37,3,95,8,3,3,355,FALSE,Responded,TRUE
421,44,Female,149.27,4435.99,13,97,9,2,4,6,TRUE,Unsubscribed,FALSE
422,69,Female,164.35,3790.09,6,86,2,2,5,315,TRUE,Ignored,FALSE
423,56,Male,24.74,9364.42,13,55,1,0,1,180,TRUE,Unsubscribed,TRUE
424,64,Male,149.4,3386.08,14,95,6,1,5,207,FALSE,Responded,FALSE
425,65,Male,154.43,4068.32,7,26,5,4,3,257,FALSE,Ignored,FALSE
426,58,Female,112.22,7924.37,16,6,3,1,5,68,FALSE,Responded,FALSE
427,28,Male,118.9,9625.49,18,96,7,1,1,90,FALSE,Unsubscribed,FALSE
428,29,Female,146.84,1151.4,5,48,9,3,4,160,TRUE,Responded,FALSE
429,31,Male,186.12,9124.31,14,28,8,3,2,260,TRUE,Unsubscribed,FALSE
430,25,Male,131.07,3751.61,1,90,1,4,5,236,FALSE,Ignored,TRUE
431,48,Male,179.81,4792.63,14,34,9,3,1,328,FALSE,Responded,FALSE
432,24,Female,146.23,4341.97,5,92,9,0,4,349,TRUE,Ignored,TRUE
433,63,Female,32.3,1252.88,4,17,0,1,3,142,FALSE,Unsubscribed,FALSE
434,48,Male,110.15,2553.18,4,17,2,2,2,176,TRUE,Unsubscribed,FALSE
435,33,Female,71.57,7448.49,3,80,0,1,2,14,FALSE,Unsubscribed,TRUE
436,59,Male,71.33,327.77,18,95,0,0,4,143,TRUE,Responded,TRUE
437,61,Female,76.65,349.58,4,60,9,1,3,189,FALSE,Ignored,FALSE
438,36,Male,124.15,8588.14,9,70,5,3,4,151,TRUE,Unsubscribed,FALSE
439,25,Male,143.05,6211.52,2,73,4,0,4,111,TRUE,Unsubscribed,TRUE
440,46,Male,68.37,1782.29,16,17,5,3,4,156,FALSE,Responded,TRUE
441,59,Female,30.59,9671.33,9,93,9,4,4,320,TRUE,Responded,FALSE
442,20,Male,123.64,9352.15,11,6,2,0,4,29,TRUE,Responded,FALSE
443,68,Male,53.5,9223.32,13,1,5,0,3,17,FALSE,Responded,TRUE
444,46,Male,21.66,177.32,13,84,4,4,3,54,FALSE,Unsubscribed,FALSE
445,32,Female,187,5931.23,4,24,6,2,4,116,TRUE,Unsubscribed,FALSE
446,54,Male,171.73,3248.5,10,41,9,4,1,106,TRUE,Ignored,FALSE
447,49,Male,196.98,1621.3,1,99,8,4,2,172,TRUE,Unsubscribed,FALSE
448,47,Female,100.75,4500.49,7,82,6,3,1,192,FALSE,Ignored,TRUE
449,68,Male,27.65,5001.45,9,16,6,0,2,333,FALSE,Responded,TRUE
450,47,Female,88.7,519.64,7,19,6,3,4,86,FALSE,Responded,TRUE
451,68,Female,179.39,3081.44,13,28,0,3,4,163,TRUE,Unsubscribed,TRUE
452,51,Male,46.65,8533.75,8,52,4,1,1,135,TRUE,Responded,TRUE
453,50,Female,22.7,8284.16,11,79,7,4,5,57,TRUE,Ignored,TRUE
454,59,Female,102.33,6636.88,18,48,9,1,4,294,TRUE,Unsubscribed,FALSE
455,34,Male,135.99,7619.41,18,82,9,3,3,272,TRUE,Ignored,FALSE
456,69,Female,189.99,8119.04,10,26,6,3,5,282,TRUE,Responded,FALSE
457,66,Male,151.33,1481.1,13,96,2,1,3,142,FALSE,Ignored,TRUE
458,44,Male,129.64,8068.45,5,88,6,1,2,187,TRUE,Ignored,FALSE
459,45,Female,53.32,9590,9,80,8,0,4,172,FALSE,Responded,FALSE
460,19,Female,21.12,3527.02,10,22,7,0,2,161,FALSE,Ignored,TRUE
461,23,Male,115.78,909.57,2,30,1,3,4,335,TRUE,Unsubscribed,FALSE
462,33,Female,148.57,1446.33,13,68,4,0,1,169,TRUE,Responded,TRUE
463,21,Male,108.9,4903.08,6,10,1,2,3,223,TRUE,Unsubscribed,FALSE
464,64,Male,124.74,1072.56,1,39,0,1,5,296,TRUE,Responded,FALSE
465,61,Male,177.83,6678.56,7,80,8,4,1,162,FALSE,Unsubscribed,TRUE
466,37,Male,156.94,8690.1,7,15,4,4,2,181,TRUE,Unsubscribed,TRUE
467,24,Female,73.59,8770.08,19,82,1,1,5,209,TRUE,Responded,TRUE
468,38,Female,60.86,1258.83,18,59,4,0,4,265,TRUE,Responded,TRUE
469,24,Female,42.53,2455.81,12,68,6,0,3,97,FALSE,Unsubscribed,FALSE
470,69,Male,160.56,5134.25,6,83,2,3,4,273,TRUE,Ignored,TRUE
471,46,Female,94.48,1371.06,10,8,2,1,2,94,TRUE,Responded,FALSE
472,46,Male,47.27,652.33,13,9,5,3,4,166,TRUE,Responded,TRUE
473,56,Female,49.17,9059.51,18,32,9,2,1,130,TRUE,Ignored,FALSE
474,55,Male,193.42,1434.47,5,15,2,2,3,177,TRUE,Ignored,TRUE
475,23,Male,74.89,8511.76,1,79,9,0,2,313,FALSE,Responded,TRUE
476,63,Female,189.46,3575.24,4,21,6,1,1,170,FALSE,Unsubscribed,TRUE
477,27,Female,33.61,8025.92,13,19,5,1,4,111,TRUE,Responded,TRUE
478,31,Male,43.33,2750.07,6,45,8,0,4,17,TRUE,Unsubscribed,TRUE
479,39,Male,20.86,1027.24,8,32,7,0,1,299,FALSE,Responded,FALSE
480,49,Male,119.68,2879,15,66,8,0,4,186,TRUE,Responded,TRUE
481,35,Male,40.5,4767.65,6,91,8,1,3,126,TRUE,Responded,TRUE
482,53,Male,149.96,8193.34,18,25,0,1,4,165,TRUE,Unsubscribed,FALSE
483,69,Male,51.74,9717.21,19,42,9,1,5,289,FALSE,Unsubscribed,FALSE
484,43,Female,149.79,346.96,2,57,7,1,1,171,FALSE,Unsubscribed,FALSE
485,40,Female,81.6,7016.44,5,76,8,0,1,338,FALSE,Responded,TRUE
486,34,Male,87.61,5086.6,9,48,8,0,3,119,FALSE,Responded,TRUE
487,64,Female,130.99,7766.09,6,30,3,4,5,191,FALSE,Unsubscribed,TRUE
488,23,Female,177.54,4804.62,18,43,5,0,5,292,FALSE,Responded,FALSE
489,44,Male,94.6,2920.78,17,58,1,2,2,285,TRUE,Ignored,TRUE
490,28,Female,162.43,9422.7,18,72,8,4,5,227,TRUE,Ignored,TRUE
491,26,Female,106.42,3303.78,9,92,6,0,5,93,FALSE,Ignored,TRUE
492,25,Female,135.9,8154.1,7,8,9,1,3,326,TRUE,Ignored,TRUE
493,63,Male,110.32,7004.26,3,56,4,2,2,88,TRUE,Ignored,FALSE
494,23,Male,166.07,4198.23,6,85,0,0,4,347,FALSE,Responded,FALSE
495,65,Male,105.7,6333.22,5,18,3,3,5,277,TRUE,Unsubscribed,FALSE
496,21,Female,48.7,2081.69,16,62,9,1,2,228,TRUE,Responded,FALSE
497,32,Female,95.07,6266.97,16,69,0,0,4,166,TRUE,Unsubscribed,FALSE
498,36,Male,96.83,1235.46,4,70,2,2,3,39,FALSE,Unsubscribed,TRUE
499,22,Female,43.69,3148.86,8,45,5,1,3,35,TRUE,Unsubscribed,TRUE
500,35,Male,27.06,4351.72,9,55,1,2,5,341,FALSE,Ignored,FALSE
501,23,Male,24.54,3220,5,33,0,3,2,271,FALSE,Responded,FALSE
502,48,Male,68.88,794.72,18,77,7,0,3,31,FALSE,Ignored,TRUE
503,42,Male,103.13,5057.51,13,56,6,0,4,55,FALSE,Unsubscribed,TRUE
504,21,Female,150.72,9639.63,15,66,3,3,3,90,FALSE,Ignored,FALSE
505,23,Female,105.48,6156.66,10,13,8,4,5,167,TRUE,Ignored,FALSE
506,58,Female,182.73,3070.32,5,26,1,1,1,225,FALSE,Unsubscribed,TRUE
507,54,Male,26.34,9565.88,4,65,2,1,3,354,FALSE,Unsubscribed,FALSE
508,67,Male,52.52,3953.45,19,70,6,4,5,276,FALSE,Responded,FALSE
509,36,Male,173.49,9533.82,5,41,4,2,3,255,FALSE,Unsubscribed,TRUE
510,51,Female,83.04,9154.57,9,18,0,1,3,54,FALSE,Unsubscribed,FALSE
511,32,Male,68.24,1565.24,17,29,5,0,4,201,FALSE,Ignored,TRUE
512,61,Female,88.34,9058.94,12,94,2,1,3,359,TRUE,Ignored,FALSE
513,64,Male,122.88,4980.44,9,66,2,2,2,90,TRUE,Responded,FALSE
514,51,Female,20.29,790.9,1,51,6,2,4,38,TRUE,Responded,FALSE
515,47,Female,160.24,1578.82,10,57,2,0,2,231,FALSE,Unsubscribed,TRUE
516,50,Male,116.66,692.48,1,17,6,1,3,122,TRUE,Responded,TRUE
517,52,Female,196.19,3091.85,8,91,0,0,1,334,TRUE,Responded,FALSE
518,69,Female,91.31,6804.4,16,78,8,3,1,161,FALSE,Responded,TRUE
519,43,Male,31.41,3374.18,11,24,8,1,3,285,TRUE,Unsubscribed,FALSE
520,59,Female,189.89,5643.48,2,66,4,0,2,338,FALSE,Unsubscribed,FALSE
521,64,Male,143.62,4834.33,3,63,7,3,3,81,FALSE,Responded,TRUE
522,36,Female,195.46,2664.29,10,22,3,2,1,108,TRUE,Unsubscribed,TRUE
523,25,Female,188.02,7362.35,6,29,4,0,2,130,FALSE,Ignored,FALSE
524,21,Female,65.51,9374.94,15,98,5,3,4,130,FALSE,Responded,FALSE
525,66,Female,156.41,7761.24,16,11,5,0,2,360,TRUE,Responded,TRUE
526,30,Female,20.01,4115.78,8,25,2,4,2,215,TRUE,Responded,FALSE
527,55,Female,65.76,5971.03,5,26,4,0,4,127,TRUE,Responded,FALSE
528,63,Male,154.84,7490.33,4,54,8,1,4,331,TRUE,Ignored,FALSE
529,66,Female,115.82,4200.79,8,8,0,3,5,133,TRUE,Ignored,FALSE
530,63,Female,40.69,3666.46,10,21,0,2,2,46,FALSE,Unsubscribed,TRUE
531,69,Male,87.6,7388.98,8,63,4,0,1,88,TRUE,Unsubscribed,TRUE
532,67,Male,122.27,8401.24,12,63,9,4,3,64,TRUE,Ignored,TRUE
533,44,Female,171.35,7856.73,14,16,3,4,3,329,TRUE,Unsubscribed,TRUE
534,67,Male,109.5,6141.11,3,5,8,4,4,291,TRUE,Unsubscribed,TRUE
535,64,Female,90.56,7862.42,8,95,8,3,5,302,TRUE,Ignored,FALSE
536,21,Male,164.87,7501.01,13,86,5,4,4,187,FALSE,Unsubscribed,FALSE
537,28,Female,148.41,4144.24,1,2,8,3,5,189,FALSE,Unsubscribed,TRUE
538,38,Male,93.56,978.7,6,51,2,1,5,183,FALSE,Unsubscribed,TRUE
539,60,Male,113.32,5550.73,1,24,3,2,5,24,TRUE,Responded,TRUE
540,19,Female,139.73,4597.85,4,65,8,2,5,356,FALSE,Ignored,TRUE
541,38,Female,49.67,2603.51,11,15,0,4,1,121,TRUE,Responded,FALSE
542,34,Male,24.9,8931.92,18,92,5,4,1,93,FALSE,Responded,TRUE
543,68,Male,127.21,487.35,9,38,0,0,2,91,TRUE,Ignored,TRUE
544,44,Male,144.66,4302.65,16,99,0,4,4,216,FALSE,Responded,FALSE
545,41,Female,167.54,8630.21,11,77,5,2,2,254,TRUE,Responded,TRUE
546,56,Male,173.11,8406.39,4,79,7,2,3,126,TRUE,Ignored,FALSE
547,27,Male,123.5,2554.48,5,18,7,0,1,242,TRUE,Responded,FALSE
548,62,Female,146.84,860.5,4,72,0,3,5,52,TRUE,Responded,TRUE
549,54,Female,146.96,9241.08,9,66,4,1,3,283,TRUE,Unsubscribed,TRUE
550,44,Female,85.82,4980.87,9,72,1,2,3,256,TRUE,Ignored,FALSE
551,22,Male,91.17,8456.53,18,58,6,3,1,59,TRUE,Responded,TRUE
552,59,Male,61.51,7958.14,18,76,7,1,4,290,FALSE,Unsubscribed,TRUE
553,28,Male,81.92,6680.32,6,58,9,0,4,168,TRUE,Responded,FALSE
554,30,Female,190.69,9784.47,17,11,2,1,2,340,TRUE,Unsubscribed,TRUE
555,51,Female,64.28,2820.96,19,15,3,0,3,5,TRUE,Ignored,TRUE
556,55,Male,124.96,7911.24,4,94,3,1,5,204,FALSE,Unsubscribed,TRUE
557,50,Male,105.21,4055.25,1,27,6,1,2,86,TRUE,Ignored,FALSE
558,44,Female,61.47,2222.16,3,42,9,2,4,143,FALSE,Unsubscribed,TRUE
559,53,Male,96.8,7992.66,12,81,1,3,3,79,TRUE,Responded,TRUE
560,43,Female,129.89,2560,19,42,5,3,3,75,TRUE,Responded,FALSE
561,68,Female,118.21,9978.79,1,46,4,1,4,146,FALSE,Ignored,FALSE
562,42,Female,195.45,6970.48,14,96,3,3,1,110,TRUE,Responded,TRUE
563,38,Female,153.19,5747.32,2,70,4,1,5,195,TRUE,Responded,FALSE
564,48,Female,194.05,6147.64,16,78,1,0,2,215,TRUE,Unsubscribed,FALSE
565,26,Female,83.97,1701.24,7,22,0,2,5,147,FALSE,Responded,FALSE
566,36,Female,27.9,2796.72,13,3,1,3,3,209,FALSE,Responded,FALSE
567,43,Female,53.16,7124.95,19,33,0,1,1,120,FALSE,Ignored,TRUE
568,60,Male,155.86,3530.69,6,7,9,4,3,329,FALSE,Ignored,TRUE
569,46,Female,116.46,1890.31,15,66,4,3,2,214,TRUE,Unsubscribed,TRUE
570,36,Female,167.68,5996.39,2,53,2,0,4,298,TRUE,Ignored,TRUE
571,63,Male,90.7,7601.57,6,59,4,1,5,87,TRUE,Responded,FALSE
572,18,Female,25.27,706.88,18,46,2,1,1,346,FALSE,Unsubscribed,TRUE
573,21,Female,183.49,5717.67,2,77,9,2,5,217,TRUE,Unsubscribed,FALSE
574,45,Female,79.8,3411.99,8,68,7,0,1,16,FALSE,Unsubscribed,FALSE
575,53,Female,198.11,4636.96,5,87,7,0,4,240,FALSE,Unsubscribed,TRUE
576,37,Female,85.88,1582.79,3,6,6,4,1,24,TRUE,Responded,FALSE
577,52,Male,38.36,1723.64,13,85,0,2,4,171,TRUE,Ignored,FALSE
578,68,Male,161.81,3854.43,6,11,7,2,2,90,TRUE,Unsubscribed,TRUE
579,68,Female,147.45,7498.84,4,61,5,1,5,97,TRUE,Responded,TRUE
580,56,Female,185.94,8329.91,10,90,8,2,4,232,TRUE,Ignored,FALSE
581,18,Female,150.33,6740.03,12,95,8,1,5,301,TRUE,Responded,TRUE
582,54,Female,56.61,8917.81,3,26,0,4,5,204,FALSE,Responded,TRUE
583,63,Female,51.7,9691.03,12,70,8,4,4,44,TRUE,Unsubscribed,TRUE
584,59,Female,77.57,1332.16,12,28,7,1,4,291,TRUE,Ignored,FALSE
585,20,Male,167.03,898.67,2,65,4,1,2,28,TRUE,Responded,FALSE
586,51,Female,117.12,8017.33,18,34,0,1,1,329,FALSE,Ignored,FALSE
587,33,Male,103.5,2026.29,2,74,7,0,3,336,FALSE,Unsubscribed,TRUE
588,51,Female,143.12,8832.16,8,79,5,3,4,78,TRUE,Unsubscribed,FALSE
589,30,Male,123.04,3252.87,13,40,7,2,4,302,FALSE,Responded,TRUE
590,23,Female,60.46,8437.46,18,24,2,4,5,53,FALSE,Ignored,TRUE
591,56,Female,172.59,8602.68,8,53,2,1,1,126,TRUE,Ignored,FALSE
592,19,Female,121.05,6093.37,13,70,0,0,3,233,TRUE,Responded,FALSE
593,28,Female,148.38,5704.28,7,35,6,2,2,187,TRUE,Responded,TRUE
594,24,Male,196.74,5800.8,3,96,6,2,5,212,FALSE,Ignored,TRUE
595,56,Female,178.59,6226.78,19,79,2,4,4,255,FALSE,Responded,TRUE
596,56,Male,21.31,2511.44,13,28,1,3,1,305,TRUE,Responded,TRUE
597,29,Male,26.01,1858.56,19,28,9,0,4,348,FALSE,Unsubscribed,TRUE
598,39,Male,76.06,7087.23,18,86,4,0,4,145,TRUE,Unsubscribed,FALSE
599,68,Male,64.69,6252.13,15,18,3,4,3,167,FALSE,Unsubscribed,FALSE
600,69,Male,77.31,6499.91,7,9,7,2,4,352,FALSE,Responded,TRUE
601,20,Male,151.21,1499.01,3,46,5,1,3,280,FALSE,Responded,TRUE
602,47,Male,162.03,1021.36,14,21,4,2,4,228,FALSE,Responded,TRUE
603,69,Female,171.73,6019.71,9,88,3,1,1,109,TRUE,Unsubscribed,FALSE
604,26,Female,94.64,8399.04,10,2,9,1,3,290,FALSE,Responded,TRUE
605,23,Female,95.83,8949.29,8,39,5,4,3,25,TRUE,Responded,TRUE
606,61,Female,186.73,4060.43,19,57,5,3,3,335,FALSE,Responded,TRUE
607,19,Male,139.12,5629.97,2,76,9,1,3,229,TRUE,Ignored,TRUE
608,61,Female,34.48,8111.08,12,25,3,2,4,158,FALSE,Unsubscribed,FALSE
609,39,Female,130.19,1813.42,1,77,2,4,5,288,TRUE,Ignored,FALSE
610,43,Female,72,4028.51,5,66,7,0,4,119,FALSE,Responded,TRUE
611,46,Female,184.82,1446.83,8,11,4,0,4,149,FALSE,Responded,TRUE
612,62,Female,23.46,2829.09,3,93,8,1,4,39,TRUE,Responded,TRUE
613,59,Male,122.58,2471.84,2,49,0,4,2,306,FALSE,Responded,FALSE
614,39,Male,73.04,7369.53,14,22,8,1,5,301,FALSE,Ignored,TRUE
615,24,Male,172.83,7198.05,11,76,8,2,3,285,FALSE,Responded,TRUE
616,44,Male,117.24,884.45,8,56,6,2,4,82,TRUE,Unsubscribed,TRUE
617,48,Male,133.74,279.91,6,43,2,4,4,234,FALSE,Ignored,FALSE
618,23,Male,192.06,3590.7,11,96,4,4,2,345,TRUE,Unsubscribed,TRUE
619,55,Female,194.13,5987.01,2,73,5,2,1,55,TRUE,Responded,TRUE
620,55,Male,193.09,9293.56,1,23,0,0,1,141,TRUE,Responded,TRUE
621,67,Female,137.04,7226.54,4,40,5,3,2,206,FALSE,Ignored,TRUE
622,50,Male,103.88,9513.84,13,35,8,0,3,92,FALSE,Ignored,FALSE
623,34,Female,25.09,5819.54,3,53,9,2,2,277,FALSE,Unsubscribed,FALSE
624,30,Male,156.25,3942.18,9,37,0,3,3,233,FALSE,Responded,FALSE
625,47,Female,81.14,7973.83,7,50,6,3,3,235,FALSE,Ignored,TRUE
626,18,Male,134.83,6557.34,2,19,2,2,5,22,TRUE,Responded,TRUE
627,57,Female,115.68,2178.21,14,55,0,2,1,158,TRUE,Unsubscribed,FALSE
628,37,Male,189.37,5838.93,15,58,5,1,4,156,TRUE,Responded,FALSE
629,23,Female,123.61,2818.49,17,48,9,0,5,167,FALSE,Responded,FALSE
630,37,Male,32.21,6645.37,14,86,8,3,4,10,TRUE,Responded,FALSE
631,54,Male,191.4,1358.15,7,65,0,2,1,315,FALSE,Responded,TRUE
632,23,Female,115.05,4379.57,19,42,6,3,1,254,FALSE,Ignored,TRUE
633,30,Male,29.05,5471.75,9,18,6,2,5,251,TRUE,Unsubscribed,FALSE
634,44,Female,95.76,5266.95,15,34,5,2,3,56,FALSE,Responded,TRUE
635,67,Male,66.26,3740.49,19,41,3,0,3,176,TRUE,Unsubscribed,FALSE
636,30,Male,162.46,765.57,8,35,6,0,3,150,FALSE,Unsubscribed,FALSE
637,25,Male,99.15,4260.57,10,33,4,1,1,12,FALSE,Unsubscribed,FALSE
638,47,Male,193.69,2847.94,2,10,2,0,2,181,FALSE,Responded,TRUE
639,18,Male,193.16,1805.86,18,92,6,2,3,16,TRUE,Unsubscribed,FALSE
640,41,Female,59.16,9289.26,2,46,2,3,3,21,TRUE,Ignored,TRUE
641,28,Male,115.44,3810.92,16,14,3,2,3,145,FALSE,Unsubscribed,TRUE
642,21,Female,191.25,7317.25,15,37,2,1,2,39,FALSE,Unsubscribed,FALSE
643,21,Male,183.87,2683.15,8,43,1,0,4,47,TRUE,Ignored,TRUE
644,34,Female,125.24,2375.51,7,25,0,0,4,84,TRUE,Ignored,FALSE
645,66,Male,74.64,4036.91,18,49,7,1,1,70,FALSE,Ignored,TRUE
646,27,Female,79.39,7894.91,9,52,1,0,2,275,TRUE,Ignored,TRUE
647,55,Male,108.52,409.8,2,32,7,0,5,232,TRUE,Responded,FALSE
648,27,Female,69.82,5968.63,9,91,1,1,2,169,TRUE,Unsubscribed,TRUE
649,33,Female,103.35,8154.08,10,18,4,0,1,75,TRUE,Unsubscribed,FALSE
650,56,Female,184.89,493.85,3,23,6,4,3,224,FALSE,Unsubscribed,TRUE
651,32,Female,140.38,236.98,1,30,5,3,2,327,TRUE,Responded,FALSE
652,51,Female,33.05,9678.19,11,1,8,1,2,295,FALSE,Ignored,FALSE
653,22,Female,20.99,8302.85,9,7,5,2,1,154,FALSE,Responded,TRUE
654,34,Male,69.72,7499.08,14,80,5,1,5,124,FALSE,Ignored,TRUE
655,54,Male,85.28,1641.44,4,22,8,4,3,74,FALSE,Unsubscribed,FALSE
656,41,Male,194.06,9379.21,13,68,5,3,4,101,TRUE,Unsubscribed,TRUE
657,45,Female,89.76,9342.64,1,24,1,1,3,72,TRUE,Responded,FALSE
658,64,Female,143.6,191.55,4,59,2,1,3,148,FALSE,Responded,TRUE
659,25,Male,199.08,7549.66,12,12,0,1,1,262,FALSE,Ignored,TRUE
660,48,Male,34.05,4227.98,15,25,8,4,5,241,FALSE,Responded,TRUE
661,34,Female,78.18,9737.84,4,69,6,3,1,340,TRUE,Unsubscribed,TRUE
662,45,Female,184.41,3740.69,1,42,5,1,5,168,FALSE,Ignored,FALSE
663,65,Male,171.85,3231.29,7,67,4,3,1,333,FALSE,Unsubscribed,FALSE
664,68,Female,145.34,7333.72,4,9,9,3,5,224,TRUE,Ignored,TRUE
665,32,Male,117.71,5946.67,1,68,1,3,4,123,TRUE,Unsubscribed,TRUE
666,48,Female,112.98,9872.14,13,67,8,1,4,50,TRUE,Unsubscribed,TRUE
667,53,Male,193.36,375.85,18,25,9,4,2,65,TRUE,Unsubscribed,FALSE
668,25,Female,71.03,9444.26,16,34,9,0,2,333,FALSE,Responded,TRUE
669,66,Male,80.03,1557.75,10,49,4,1,1,184,TRUE,Unsubscribed,FALSE
670,22,Female,181.08,4991.52,17,57,5,0,4,317,FALSE,Unsubscribed,TRUE
671,55,Male,70.34,6316.38,5,48,5,4,1,92,TRUE,Responded,TRUE
672,50,Male,167.73,7380.55,4,10,1,2,2,173,TRUE,Ignored,TRUE
673,54,Male,143.72,1089.09,2,29,0,3,2,88,TRUE,Ignored,FALSE
674,19,Male,164.19,3700.24,9,90,6,4,4,352,FALSE,Responded,TRUE
675,47,Female,113.31,705.85,17,69,7,3,1,172,TRUE,Unsubscribed,FALSE
676,23,Male,72.98,3891.6,7,31,1,2,5,55,FALSE,Responded,TRUE